UNITID,Institution name (from spreadsheet),Unit Composition,Local Affiliation,National Affiliation,Recognition Date,CBA Date,Notes
102553,University of Alaska,FT TTT-NTT,AFT Local 4996,AAUP,1996,1998,Anchorage
102553,University of Alaska,PT NTT,AFT Local 6054,AAUP,1997,1999,Anchorage
102614,University of Alaska,FT TTT-NTT,AFT Local 4996,AAUP,1996,1998,Fairbanks
102614,University of Alaska,PT NTT,AFT Local 6054,AAUP,1997,1999,Fairbanks
102632,University of Alaska,FT TTT-NTT,AFT Local 4996,AAUP,1996,1998,Southeast
102632,University of Alaska,PT NTT,AFT Local 6054,AAUP,1997,1999,Southeast
108807,Allan Hancock College,FT TTT-NTT,,,1991,1992,Affiliation name is likely wrong
108807,Allan Hancock College,PT NTT,AFT Local 6185,AFT,2002,2001,
108870,American Film Institute Conservatory,FT-PT NTT,,AFT/AAUP,2016,,
109350,Antelope Valley College,FT-PT TTT-NTT,,AFT,1990,1987,
109651,ArtCenter College of Design,FT-PT NTT,,AFT,2022,2024,
109907,Barstow Community College,FT-PT NTT,,NEA,1979,1979,
110422,California State University,FT-PT TTT-NTT,,AFT/AAUP/SEIU,1983,1983,San Luis Obispo
110486,California State University,FT-PT TTT-NTT,,AFT/AAUP/SEIU,1983,1983,Bakersfield
110495,California State University,FT-PT TTT-NTT,,AFT/AAUP/SEIU,1983,1983,Stanislaus
110501,California State University,FT-PT TTT-NTT,,AFT/AAUP/SEIU,1983,1983,Chancellors Office
110510,California State University,FT-PT TTT-NTT,,AFT/AAUP/SEIU,1983,1983,San Bernardino
110529,California State University,FT-PT TTT-NTT,,AFT/AAUP/SEIU,1983,1983,Pomona
110538,California State University,FT-PT TTT-NTT,,AFT/AAUP/SEIU,1983,1983,Chico
110547,California State University,FT-PT TTT-NTT,,AFT/AAUP/SEIU,1983,1983,Dominguez Hills
110556,California State University,FT-PT TTT-NTT,,AFT/AAUP/SEIU,1983,1983,Fresno
110565,California State University,FT-PT TTT-NTT,,AFT/AAUP/SEIU,1983,1983,Fullerton
110574,California State University,FT-PT TTT-NTT,,AFT/AAUP/SEIU,1983,1983,East Bay
110583,California State University,FT-PT TTT-NTT,,AFT/AAUP/SEIU,1983,1983,Long Beach
110592,California State University,FT-PT TTT-NTT,,AFT/AAUP/SEIU,1983,1983,Los Angeles
110608,California State University,FT-PT TTT-NTT,,AFT/AAUP/SEIU,1983,1983,Northridge
110617,California State University,FT-PT TTT-NTT,,AFT/AAUP/SEIU,1983,1983,Sacramento
111887,Cerritos College,FT-PT TTT-NTT,AFT Local 6215,AFT/CFT,2004,2004,
111920,Chabot College,FT-PT TTT-NTT,,,1990,1991,Hayward
111939,Chaffey College,FT-PT TTT-NTT,,NEA/CTA/CCA,1980,1981,
112172,Citrus College,FT TTT-NTT,,NEA/CTA/CCA,1976,1977,
112172,Citrus College,PT NTT,AFT Local 6352,AFT/CFT,2001,2002,
112190,City College of San Francisco,FT-PT TTT-NTT,AFT Local 2121,AFT/CFT,1978,1979,
112190,City College of San Francisco,CHR,,,1978,1979,
112376,Coast Community College District Office,FT-PT TTT-NTT,AFT Local 1911,AFT/CFT,1979,1980,
112376,Coast Community College District Office,PT NTT,,NEA/CTA/CCA,1979,1980,
118347,College of Marin,FT-PT TTT-NTT,AFT Local 1610,AFT/CFT,1978,1980,
111461,College of the Canyons,FT TTT,,NEA/CTA/CCA,1977,1978,
111462,College of the Canyons,PT NTT,AFT Local 6262,AFT/CFT,2003,2004,
113573,College of the Desert,FT TTT-NTT,,NEA/CTA/CCA,1988,1988,
113573,College of the Desert,PT NTT,,NEA/CTA/CCA,1995,1996,
121707,College of the Redwoods,FT-PT TTT-NTT,,,1977,1977,
123217,College of the Sequoias,FT TTT-NTT,,NEA/CTA/CCA,1976,1977,
123217,College of the Sequoias,PT NTT,,NEA/CTA/CCA,1994,,
123484,College of the Siskiyous,FT-PT TTT-NTT,,NEA/CTA/CCA,1996,1997,
112686,Compton College,FT-PT TTT-NTT,AFT Local 3486,AFT,1978,1979,
112817,Contra Costa Community College District Office,FT-PT TTT-NTT,,,1976,1977,
395362,Copper Mountain Community College,FT-PT TTT-NTT,,NEA/CTA/CCA,2000,2001,
113193,Cuesta College,FT-PT TTT-NTT,AFT Local 4909,AFT,1994,1996,
113698,Dominican University of California,PT NTT,SEIU Local 1021,SEIU,2015,2016,
113699,Dominican University of California,FT TTT-NTT,AFT Local 6604,AFT,2022,2023,
113980,El Camino Community College District,FT-PT TTT-NTT,AFT Local 1388,AFT,1976,1977,
114433,Feather River Community College District,FT TTT-NTT,AFT Local 4615,AFT,1989,1990,
114434,Feather River Community College District,PT NTT,AFT Local 4616,AFT,1994,,
114831,Foothill-De Anza Community College District,FT-PT TTT-NTT,,,1977,1977,
114938,Gavilan College,FT-PT TTT-NTT,,,1977,1977,
115001,Glendale Community College,FT-PT TTT-NTT,AFT Local 2276,AFT,1979,1920,
115287,Grossmont-Cuyamaca Community College District,FT-PT TTT-NTT,AFT Local 1931,AFT,1977,1978,
115393,Hartnell College,FT-PT TTT-NTT,,NEA/CTA/CCA,2009,1978,
115861,Imperial Valley College,FT TTT-NTT,,NEA/CTA/CCA,1981,1984,
115862,Imperial Valley College,PT NTT,,NEA/CTA/CCA,1981,1984,
117168,Laguna College of Art and Design,PT NTT,SEIU Local 721,SEIU,2015,,
117195,Lake Tahoe Community College,FT-PT TTT-NTT,,NEA/CTA/CCA,1997,1994,
117274,Lassen Community College,FT-PT TTT-NTT,,NEA/CTA/CCA,2002,1988,
117520,Life Chiropractic College West,FT-PT NTT,AFT Local 6538,AFT,2013,2014,
117645,Long Beach City College,FT TTT,,NEA/CTA/CCA,1978,1979,
117646,Long Beach City College,PT NTT,Certified Hourly Instructors,NEA/CTA/CCA,1990,1991,
117681,Los Angeles Community College District Office,FT-PT TTT-NTT,AFT Local 1521,AFT,1977,1978,
117900,Los Rios Community College District Office,FT-PT TTT-NTT,AFT Local 2279,AFT,1977,1977,
118684,Mendocino College,FT TTT,AFT Local 6322,AFT,2005,,
118684,Mendocino College,PT NTT,,NEA/CTA/CCA,1994,1994,
118718,Merced College,FT-PT TTT-NTT,,NEA/CTA/CCA,1976,1977,
118888,Mills College,PT NTT,SEIU Local 1021,SEIU,2014,2016,
118912,Miracosta College,FT TTT-NTT,,,2015,2015,
118912,Miracosta College,PT NTT,,NEA/CTA/CCA,1999,1999,
119067,Monterey Peninsula College,FT-PT TTT-NTT,,NEA/CTA/CCA,1978,1980,
119164,Mt San Antonio College,FT-PT TTT-NTT,,NEA/CTA/CCA,1976,1978,
119216,Mt San Jacinto College,FT TTT-NTT,,NEA/CTA/CCA,1976,1977,
119216,Mt San Jacinto College,PT NTT,CWA Local 9119,CWA,2000,2001,
119331,Napa Valley College,FT-PT TTT-NTT,,NEA/CTA/CCA,1977,1979,
120023,North Orange County Community College District,FT TTT-NTT,SEIU Local 1021,SEIU,2016,2017,
120023,North Orange County Community College District,PT NTT,SEIU Local 1021,SEIU,2016,2017,
120254,Occidental College,FT-PT NTT,SEIU Local 721,SEIU,2019,2020,
120290,Ohlone College,FT-PT TTT-NTT,,,1979,1979,
120403,Otis College of Art and Design,PT NTT,SEIU Local 721,SEIU,2015,2017,
120944,Palmer College of Chiropractic-West,FT-PT TTT-NTT,AFT Local 6166,AFT,2001,2002,
120953,Palo Verde College,FT-PT TTT-NTT,,NEA/CTA/CCA,1980,1976,
120971,Palomar College,FT-PT TTT-NTT,AFT Local 6161,AFT,2000,2005,
121044,Pasadena City College,FT-PT TTT-NTT,,NEA/CTA/CCA,1979,1979,
121178,Peralta Community College System Office,FT-PT TTT-NTT,AFT Local 1603,AFT,1979,1980,
438665,Rancho Santiago Community College District Office,FT-PT TTT-NTT,,NEA/CTA/CCA,1978,1980,
438665,Rancho Santiago Community College District Office,PT NTT,,NEA/CTA/CCA,1977,1975,
121886,Rio Hondo College,FT-PT TTT-NTT,,NEA/CTA/CCA,1979,1980,
121901,Riverside Community College,FT-PT TTT-NTT,,NEA/CTA/CCA,1978,1979,
123554,Saint Marys College of California,PT NTT,SEIU Local 1021,NEA/CTA/CCA,2015,2016,
123527,San Bernardino Valley College,FT-PT TTT-NTT,,NEA/CTA/CCA,1984,1989,
122320,San Diego Community College District-District Office,FT-PT TTT-NTT,AFT Local 1931,AFT,1987,1977,
122658,San Joaquin Delta College,FT-PT TTT-NTT,,NEA/CTA/CCA,1977,1977,
122737,San Jose-Evergreen Community College District,FT-PT TTT-NTT,AFT Local 6157,AFT,2001,1978,
122782,San Mateo County Community College District Office,FT-PT TTT-NTT,AFT Local 1493,AFT,1982,1978,
122889,Santa Barbara City College,FT-PT TTT-NTT,,,1986,1987,
122931,Santa Clara University,FT-PT TTT-NTT,SEIU Local 520,SEIU,2022,2024,
122977,Santa Monica College,FT-PT NTT,,,1978,1979,
123013,Santa Rosa Junior College,FT-PT TTT-NTT,,,1989,1990,
123013,Santa Rosa Junior College,PT NTT,AFT Local 1946,AFT,1989,1991,
123299,Shasta College,FT-PT TTT-NTT,,NEA/CTA/CCA,1976,1976,
123341,Sierra College,FT-PT TTT-NTT,,NEA/CTA/CCA,1977,1978,
123563,Solano Community College,FT-PT TTT-NTT,,NEA/CTA/CCA,1976,1977,
432144,South Orange County Community College District,FT-PT TTT-NTT,,NEA/CTA/CCA,1976,1978,
123800,Southwestern College,FT-PT TTT-NTT,,NEA/CTA/CCA,1977,1979,
123925,State Center Community College District,FT TTT-NTT,AFT Local 1533,AFT,1977,1977,
123925,State Center Community College District,PT NTT,AFT Local 1533,AFT,1992,,
124113,Taft College,FT-PT TTT-NTT,,NEA/CTA/CCA,1976,1977,
110635,University of California-Berkeley,FT-PT NTT,,AFT,1984,1986,
110644,University of California-Davis,FT-PT NTT,,AFT,1984,1986,
110653,University of California-Irvine,FT-PT NTT,,AFT,1984,1986,
110662,University of California-Los Angeles,FT-PT NTT,,AFT,1984,1986,
110671,University of California-Riverside,FT-PT NTT,,AFT,1984,1986,
110680,University of California-San Diego,FT-PT NTT,,AFT,1984,1986,
110699,University of California-San Francisco,FT-PT NTT,,AFT,1984,1986,
110705,University of California-Santa Barbara,FT-PT NTT,,AFT,1984,1986,
110714,University of California-Santa Cruz,FT-PT NTT,,AFT,1984,1986,
110635,University of California-Berkeley,Librarian,,AFT,1983,1984,
110644,University of California-Davis,Librarian,,AFT,1983,1984,
110653,University of California-Irvine,Librarian,,AFT,1983,1984,
110662,University of California-Los Angeles,Librarian,,AFT,1983,1984,
110671,University of California-Riverside,Librarian,,AFT,1983,1984,
110680,University of California-San Diego,Librarian,,AFT,1983,1984,
110699,University of California-San Francisco,Librarian,,AFT,1983,1984,
110705,University of California-Santa Barbara,Librarian,,AFT,1983,1984,
110714,University of California-Santa Cruz,Librarian,,AFT,1983,1984,
110635,University of California-Berkeley,FT TTT,,AFT/AAUP/AAUPCA,1981,1982,
110644,University of California-Davis,FT TTT,,AFT/AAUP/AAUPCA,1981,1982,
110653,University of California-Irvine,FT TTT,,AFT/AAUP/AAUPCA,1981,1982,
110662,University of California-Los Angeles,FT TTT,,AFT/AAUP/AAUPCA,1981,1982,
110671,University of California-Riverside,FT TTT,,AFT/AAUP/AAUPCA,1981,1982,
110680,University of California-San Diego,FT TTT,,AFT/AAUP/AAUPCA,1981,1982,
110699,University of California-San Francisco,FT TTT,,AFT/AAUP/AAUPCA,1981,1982,
110705,University of California-Santa Barbara,FT TTT,,AFT/AAUP/AAUPCA,1981,1982,
110714,University of California-Santa Cruz,FT TTT,,AFT/AAUP/AAUPCA,1981,1982,
122612,University of San Francisco,FT TTT-NTT,AFT Local 4269,AFT,1975,1976,
122612,University of San Francisco,PT NTT,AFT Local 6590,AFT,1981,1985,
123961,University of Southern California,,SEIU Local 721,SEIU,2016,,
125028,Ventura College,FT-PT TTT-NTT,AFT Local 1828,AFT,1977,1978,
125091,Victor Valley College,FT TTT,,NEA/CTA/CCA,1976,1978,
125091,Victor Valley College,PT NTT,AFT Local 6286,AFT,2004,,
125462,West Hills College Coalinga,FT TTT-NTT,,NEA/CTA/CCA,1977,1977,
125222,West Valley Mission Community College District Office,FT-PT TTT-NTT,AFT Local 6554,AFT,1993,1985,
125763,Whittier College,PT NTT,SEIU Local 721,SEIU,2013,2018,
126100,Yosemite Community College District Office,FT-PT TTT-NTT,,,1989,1978,
126119,Yuba College,FT TTT-NTT,,,1993,1978,
126119,Yuba College,PT NTT,AFT Local 4952,AFT,1994,1995,
128902,Connecticut College,FT-PT TTT-NTT,AFT Local 1942,AFT,1975,1977,
128902,Connecticut College,PT NTT,AFT Local 1942,AFT,1976,1976,
128902,Connecticut College,FT-PT TTT-NTT,SEIU Local 1973,SEIU,1976,1976,
130493,Southern Connecticut State University,FT-PT TTT-NTT,,AFT/AAUP/CSC-AAUP,1976,1976,
130776,Western Connecticut State University,FT-PT TTT-NTT,,AFT/AAUP/CSC-AAUP,1976,1976,
128771,Central Connecticut State University,FT-PT TTT-NTT,,AFT/AAUP/CSC-AAUP,1976,1976,
129215,Eastern Connecticut State University,FT-PT TTT-NTT,,AFT/AAUP/CSC-AAUP,1976,1976,
129774,Mitchell College,FT NTT,AFT Local 3249,AFT/AFTCT,1975,1975,
130624,United States Coast Guard Academy,FT-PT TTT-NTT,AFGE Local 3655,AFGE,1975,1978,
436818,University of Connecticut-Tri-Campus,FT-PT TTT-NTT,,AFT/AAUP/CSC-AAUP,1976,1977,
436827,University of Connecticut-Avery Point,FT-PT TTT-NTT,,AFT/AAUP/CSC-AAUP,1976,1977,
436836,University of Connecticut-Stamford,FT-PT TTT-NTT,,AFT/AAUP/CSC-AAUP,1976,1977,
436818,University of Connecticut-Tri-Campus,FT-PT TTT-NTT,,AFT/AAUP/CSC-AAUP,2010,,
436827,University of Connecticut-Avery Point,FT-PT TTT-NTT,,AFT/AAUP/CSC-AAUP,2010,,
436836,University of Connecticut-Stamford,FT-PT TTT-NTT,,AFT/AAUP/CSC-AAUP,2010,,
129525,University of Hartford,PT NTT,SEIU Local 1973,SEIU,2017,2018,
131159,American University,PT NTT,SEIU Local 500,SEIU,2012,2013,
131469,George Washington University,PT NTT,SEIU Local 501,SEIU,2005,2008,
131496,Georgetown University,PT NTT,SEIU Local 502,SEIU,2013,2014,
131520,Howard University,FT NTT,SEIU Local 503,SEIU,2017,2022,
131520,Howard University,PT NTT,SEIU Local 504,SEIU,2014,2015,
131876,Trinity Washington University,PT NTT,SEIU Local 505,SEIU,2015,2017,
131399,University of the District of Columbia,FT NTT,,NEA,1978,1980,
131399,University of the District of Columbia,PT NTT,SEIU Local 505,SEIU,2014,2016,
130934,Delaware State University,FT-PT TTT-NTT,,AFT/AAUP,1977,1981,
130943,University of Delaware,FT TTT-NTT,,AFT/AAUP,1972,1973,
132709,Broward College,FT NTT,AFT Local 7463,AFT/NEA/FEA/UFF,1983,1981,
132709,Broward College,PT NTT,,SEIU,2018,2021,
133021,Chipola College,FT NTT,AFT Local 7463,AFT/NEA/FEA/UFF,1976,1977,
133960,The College of the Florida Keys,FT TTT,AFT Local 7463,AFT/NEA/FEA/UFF,2020,2021,
132693,Eastern Florida State College,FT TTT-NTT,AFT Local 7463,AFT/NEA/FEA/UFF,2003,1981,
133526,Edward Waters University,FT TTT,,AFT/AAUP,1992,,
133650,Florida Agricultural and Mechanical University,FT TTT-NTT,AFT Local 7463,AFT/NEA/FEA/UFF,2003,2006,
133669,Florida Atlantic University,FT TTT-NTT,AFT Local 7463,AFT/NEA/FEA/UFF,2004,2004,
433660,Florida Gulf Coast University,FT TTT-NTT,AFT Local 7463,AFT/NEA/FEA/UFF,2003,2004,
133951,Florida International University,FT-PT TTT-NTT,AFT Local 7463,AFT/NEA/FEA/UFF,2004,,
482936,Florida Polytechnic University,FT NTT,AFT Local 7463,AFT/NEA/FEA/UFF,2016,2019,
133508,Florida SouthWestern State College,FT TTT,AFT Local 7463,AFT/NEA/FEA/UFF,1976,1979,
133702,Florida State College at Jacksonville,FT TTT-NTT,AFT Local 7463,AFT/NEA/FEA/UFF,2002,2003,
134097,Florida State University,FT-PT TTT-NTT,AFT Local 7463,AFT/NEA/FEA/UFF,2003,2005,
134495,Hillsborough Community College,FT TTT-NTT,AFT Local 7463,AFT/NEA/FEA/UFF,1983,1974,
134495,Hillsborough Community College,PT NTT,,SEIU,2016,2019,
134608,Indian River State College,FT TTT-NTT,,AFT/AAUP,1973,1975,
135188,Lake-Sumter State College,FT TTT-NTT,AFT Local 7463,AFT/NEA/FEA/UFF,2018,2022,
135188,Lake-Sumter State College,PT NTT,,SEIU,2019,,
135717,Miami Dade College,FT NTT,AFT Local 4253,AFT/NEA/FEA/UFF,1998,2000,
135717,Miami Dade College,PT NTT,,SEIU,2019,2022,
262129,New College of Florida,FT TTT-NTT,AFT Local 7463,AFT/NEA/FEA/UFF,2003,2005,
136358,Palm Beach State College,FT TTT-NTT,AFT Local 7463,AFT/NEA/FEA/UFF,1975,1978,
136400,Pasco-Hernando Community College,FT TTT-NTT,AFT Local 7463,AFT/NEA/FEA/UFF,2018,2023,
136473,Pensacola Junior College,FT TTT-NTT,AFT Local 7463,AFT/NEA/FEA/UFF,1985,1987,
137281,Saint Johns River State College,FT TTT-NTT,AFT Local 7463,AFT/NEA/FEA/UFF,2019,2021,
207740,Seminole State College,FT TTT,AFT Local 7463,AFT/NEA/FEA/UFF,2010,,
207740,Seminole State College,PT NTT,,SEIU,2018,2021,
137078,St Petersburg College,FT TTT,AFT Local 7463,AFT/NEA/FEA/UFF,2021,,
137078,St Petersburg College,PT NTT,,SEIU,2019,2021,
135391,State College of Florida-Manatee-Sarasota,FT TTT,AFT Local 7463,AFT/NEA/FEA/UFF,2016,2020,
132903,University of Central Florida,FT-PT TTT-NTT,AFT Local 7463,AFT/NEA/FEA/UFF,2003,2005,
134130,University of Florida,FT-PT TTT-NTT,AFT Local 7463,AFT/NEA/FEA/UFF,2005,2010,
136172,University of North Florida,FT-PT TTT-NTT,AFT Local 7463,AFT/NEA/FEA/UFF,2003,2006,
137351,University of South Florida-Main Campus,FT-PT TTT-NTT,AFT Local 7463,AFT/NEA/FEA/UFF,2003,2004,
137351,University of South Florida-Main Campus,PT NTT,,SEIU,2018,2020,
138354,The University of West Florida,FT TTT-NTT,AFT Local 7463,AFT/NEA/FEA/UFF,2003,,
138187,Valencia College,PT NTT,,SEIU,2021,2023,
141565,University of Hawaii at Hilo,FT-PT TTT-NTT,,NEA/HSTA,1974,1975,
141574,University of Hawaii at Manoa,FT-PT TTT-NTT,,NEA/HSTA,1974,1975,
153214,Des Moines Area Community College,FT-PT NTT,,NEA/ISEA,1976,1976,
153311,Eastern Iowa Community College District,FT TTT,,NEA/ISEA,1975,1976,
153445,Hawkeye Community College,FT-PT NTT,,NEA/ISEA,1980,1981,
153524,Iowa Central Community College,FT TTT,,NEA/ISEA,1975,1976,
153533,Iowa Lakes Community College,FT-PT TTT-NTT,,NEA/ISEA,1975,1976,
153630,Iowa Western Community College,FT TTT,,NEA/ISEA,1975,1976,
153737,Kirkwood Community College,FT-PT NTT,,NEA/ISEA,1975,1976,
154110,Northeast Iowa Community College,FT-PT NTT,,NEA/ISEA,1976,1976,
154110,Northeast Iowa Community College,FT NTT,,NEA/ISEA,1975,1976,
154378,Southeastern Community College,FT-PT TTT-NTT,,NEA/ISEA,1987,1976,
154396,Southwestern Community College,FT TTT-NTT,,NEA/ISEA,1975,1976,
154095,University of Northern Iowa,FT-PT TTT-NTT,,AFT/AAUP/AAUPIA,2000,1977,
154572,Western Iowa Tech Community College,FT TTT-NTT,,NEA/ISEA,1976,1978,
143279,Black Hawk College,FT TTT-NTT,AFT Local 1836,AFT,1972,1973,
143279,Black Hawk College,PT NTT,AFT Local 4939,AFT/BHCAFU,1994,1994,
143613,Carl Sandburg College,FT TTT,,NEA/IEA,1975,1974,
144005,Chicago State University,FT-PT NTT,AFT Local 4100,AFT/AAUP/IFT,1976,1977,
144005,Chicago State University,FT TTT-NTT,AFT Local 4101,AFT/AAUP/IFT,1986,1986,
144157,City Colleges of Chicago-Kennedy-King College,FT TTT-NTT,AFT Local 1600,AFT,1964,1965,
144166,City Colleges of Chicago-Malcolm X College,FT TTT-NTT,AFT Local 1601,AFT,1964,1965,
144175,City Colleges of Chicago-Olive-Harvey College,FT TTT-NTT,AFT Local 1602,AFT,1964,1965,
144184,City Colleges of Chicago-Harry S Truman College,FT TTT-NTT,AFT Local 1603,AFT,1964,1965,
144193,City Colleges of Chicago-Richard J Daley College,FT TTT-NTT,AFT Local 1604,AFT,1964,1965,
144209,City Colleges of Chicago-Harold Washington College,FT TTT-NTT,AFT Local 1605,AFT,1964,1965,
144218,City Colleges of Chicago-Wilbur Wright College,FT TTT-NTT,AFT Local 1606,AFT,1964,1965,
144157,City Colleges of Chicago-Kennedy-King College,PT NTT,,NEA/IEA,2003,2004,
144166,City Colleges of Chicago-Malcolm X College,PT NTT,,NEA/IEA,2003,2004,
144175,City Colleges of Chicago-Olive-Harvey College,PT NTT,,NEA/IEA,2003,2004,
144184,City Colleges of Chicago-Harry S Truman College,PT NTT,,NEA/IEA,2003,2004,
144193,City Colleges of Chicago-Richard J Daley College,PT NTT,,NEA/IEA,2003,2004,
144209,City Colleges of Chicago-Harold Washington College,PT NTT,,NEA/IEA,2003,2004,
144218,City Colleges of Chicago-Wilbur Wright College,PT NTT,,NEA/IEA,2003,2004,
144157,City Colleges of Chicago-Kennedy-King College,PT NTT,AFSCME Local 3506,AFSCME,1985,1985,
144166,City Colleges of Chicago-Malcolm X College,PT NTT,AFSCME Local 3507,AFSCME,1985,1985,
144175,City Colleges of Chicago-Olive-Harvey College,PT NTT,AFSCME Local 3508,AFSCME,1985,1985,
144184,City Colleges of Chicago-Harry S Truman College,PT NTT,AFSCME Local 3509,AFSCME,1985,1985,
144193,City Colleges of Chicago-Richard J Daley College,PT NTT,AFSCME Local 3510,AFSCME,1985,1985,
144209,City Colleges of Chicago-Harold Washington College,PT NTT,AFSCME Local 3511,AFSCME,1985,1985,
144218,City Colleges of Chicago-Wilbur Wright College,PT NTT,AFSCME Local 3512,AFSCME,1985,1985,
144865,College of DuPage,FT TTT,,NEA/IEA,1984,1984,
144865,College of DuPage,PT NTT,,NEA/IEA,2001,2002,
146472,College of Lake County,FT-PT TTT,AFT Local 2394,AFT,1971,1973,
146472,College of Lake County,FT-PT TTT,AFT Local 504,AFT,2005,2006,
144281,Columbia College Chicago,PT NTT,AFT Local 6602,AFT,1998,2002,
144564,Danville Area Community College,FT TTT,,NEA/IEA,1983,1983,
144892,Eastern Illinois University,FT TTT,AFT Local 4100,AFT/AAUP/IFT,1976,1977,
144892,Eastern Illinois University,FT-PT NTT,AFT Local 4101,AFT/AAUP/IFT,1985,1985,
144944,Elgin Community College,FT TTT,AFT Local 3791,AFT,1984,1984,
145336,Governors State University,FT NTT,AFT Local 4100,AFT/AAUP/IFT,1976,1977,
145336,Governors State University,FT TTT,AFT Local 4100,AFT/AAUP/IFT,1986,1986,
149842,William Rainey Harper College,FT TTT,AFT Local 1600,AFT,1981,1981,
149842,William Rainey Harper College,PT NTT,,NEA/IEA,1994,,
384342,Heartland Community College,FT TTT,AFT Local 6038,AFT,1998,2000,
384342,Heartland Community College,PT NTT,AFT Local 6077,AFT,1999,2000,
145521,Highland Community College,FT-PT TTT-NTT,AFT Local 1957,AFT,1968,1968,
145682,Illinois Central College,FT TTT-NTT,,,1977,1977,
145707,Illinois Eastern Community Colleges-Olney Central College,FT TTT,,NEA/IEA,1985,1985,
145813,Illinois State University,FT-PT NTT,,NEA/IEA,2003,2004,
145831,Illinois Valley Community College,FT TTT,AFT Local 1810,AFT,1966,1966,
146205,John A Logan College,FT TTT,,NEA/IEA,1972,1975,
146205,John A Logan College,PT NTT,,NEA/IEA,2000,2001,
146278,John Wood Community College,FT TTT,AFT Local 6086,AFT,2000,2000,
146296,Joliet Junior College,PT NTT,,NEA/IEA,1967,1967,
146296,Joliet Junior College,FT TTT,AFT Local 604,AFT,2008,,
146348,Kankakee Community College,FT TTT,AFT Local 604,AFT,1985,1985,
146348,Kankakee Community College,PT NTT,AFT Local 604,AFT,,,
146366,Kaskaskia College,FT TTT,AFT Local 4756,AFT,1984,1985,
146418,Kishwaukee College,FT TTT,AFT Local 4459,AFT,1986,1986,
146418,Kishwaukee College,PT NTT,AFT Local 6559,AFT,2015,2016,
146506,Lake Land College,FT TTT,AFT Local 2296,AFT,1968,1970,
146603,Lewis and Clark Community College,FT TTT,,NEA/IEA,1979,1979,
146685,Lincoln Land Community College,FT TTT,AFT Local 4438,AFT,1987,1988,
146685,Lincoln Land Community College,PT NTT,AFT Local 4438,AFT,,,
146719,Loyola University Chicago,FT-PT NTT,SEIU Local 73,SEIU,2017,2018,
146719,Loyola University Chicago,FT-PT NTT,SEIU Local 73,SEIU,2016,2018,
147004,McHenry County College,FT TTT,,NEA/IEA,1971,1972,
147004,McHenry County College,FT-PT NTT,,NEA/IEA,2006,2008,
147378,Moraine Valley Community College,FT TTT,AFT Local 1600,AFT,1972,1972,
147378,Moraine Valley Community College,PT NTT,AFT Local 1600,AFT,2002,2003,
147411,Morton College,FT TTT,AFT Local 1602,AFT,1967,1967,
147411,Morton College,PT NTT,,NEA/IEA,2010,,
147776,Northeastern Illinois University,FT NTT,AFT Local 4100,AFT/AAUP,1975,1979,
147776,Northeastern Illinois University,FT TTT,AFT Local 4100,AFT/AAUP,1986,1986,
147703,Northern Illinois University,FT-PT NTT,AFT Local 4100,AFT/AAUP/ILAAUP,1992,1994,
147703,Northern Illinois University,FT TTT,AFT Local 4100,AFT/AAUP/ILAAUP,2016,2019,
147800,Oakton Community College,FT TTT-NTT,,NEA/IEA,1986,1986,
147800,Oakton Community College,PT NTT,,NEA/IEA,1985,1987,
147916,Parkland College,FT TTT,,,1985,1987,
147916,Parkland College,PT NTT,AFT Local 4927,AFT,1995,2001,
148007,Prairie State College,FT TTT,AFT Local 3816,AFT,1969,1969,
148007,Prairie State College,PT NTT,,NEA/IEA,2006,2006,
148256,Rend Lake College,FT TTT,AFT Local 3708,AFT,1985,1986,
148292,Richland Community College,FT TTT,AFT Local 4262,AFT,1984,1986,
148380,Rock Valley College,FT TTT,AFT Local 6211,AFT,2002,2003,
148487,Roosevelt University,PT NTT,,NEA/IEA,1999,2000,
148672,Sauk Valley Community College,FT TTT,,NEA/IEA,1969,1970,
148672,Sauk Valley Community College,PT NTT,,NEA/IEA,2002,2003,
143048,School of the Art Institute of Chicago,FT-PT NTT,AFSCME Council 31,AFSCME,2023,2023,
148821,Shawnee Community College,FT TTT-NTT,,NEA/IEA,1984,1984,
149365,South Suburban College,FT TTT,AFT Local 1600,AFT,1971,1972,
149365,South Suburban College,PT NTT,AFT Local 1600,AFT,2004,2005,
148937,Southeastern Illinois College,FT TTT,,NEA/IEA,19984,1985,
149222,Southern Illinois University Carbondale,FT TTT,,NEA/IEA,1996,1998,
149222,Southern Illinois University Carbondale,FT-PT NTT,,NEA/IEA,2005,2007,
149231,Southern Illinois University Edwardsville,FT TTT,,NEA/IEA,2016,2017,
149231,Southern Illinois University Edwardsville,FT-PT NTT,,NEA/IEA,2004,2007,
143215,Southwestern Illinois College,FT TTT,AFT Local 4183,AFT,1967,1967,
143215,Southwestern Illinois College,FT-PT NTT,AFT Local 6270,AFT,2003,2005,
148991,Spoon River College,FT NTT,,NEA/IEA,1973,1976,
149532,Triton College,FT TTT,AFT Local 1600,AFT,1973,1978,
149532,Triton College,PT NTT,,NEA/IEA,2004,2006,
144050,University of Chicago,FT-PT NTT,SEIU Local 73,SEIU,2015,2018,
144050,University of Chicago,FT NTT,SEIU Local 73,SEIU,2015,2017,
144050,University of Chicago,FT-PT NTT,SEIU Local 73,SEIU,2023,,
145600,University of Illinois at Chicago,FT NTT,AFT Local 6456,AFT/AAUP/ILAAUP,2012,2014,
145600,University of Illinois at Chicago,FT TTT,AFT Local 6456,AFT/AAUP/ILAAUP,2011,,
148654,University of Illinois at Springfield,FT TTT,AFT Local 4100,AFT,2015,2021,
145637,University of Illinois at Urbana-Champaign,FT NTT,AFT Local 6456,AFT/AAUP/ILAAUP,2014,2016,
145637,University of Illinois at Urbana-Champaign,FT-PT NTT,,NEA/IEA,2005,,
149727,Waubonsee Community College,FT TTT,AFT Local 604,AFT,1968,1970,
149727,Waubonsee Community College,PT NTT,,NEA/IEA,2006,2008,
149727,Waubonsee Community College,PT NTT,,NEA/IEA,2006,2008,
149772,Western Illinois University,FT NTT,AFT Local 4100,AFT/AAUP,1976,1977,
149772,Western Illinois University,FT TTT,AFT Local 4100,AFT/AAUP,1986,1986,
154642,Allen County Community College,FT TTT-NTT,,NEA/KNEA,1978,1978,
154800,Butler Community College,FT NTT,,NEA/KNEA,1971,1971,
154907,Cloud County Community College,FT TTT,,NEA/KNEA,1970,1973,
154934,Colby Community College,FT-PT NTT,,NEA/KNEA,1972,1975,
154952,Cowley County Community College,FT TTT-NTT,,NEA/KNEA,1969,1970,
154998,Dodge City Community College,FT TTT-NTT,,NEA/KNEA,1991,1972,
155052,Flint Hills Technical College,FT TTT,,NEA/KNEA,2003,,
155061,Fort Hays State University,FT-PT TTT-NTT,,AFT/AAUP/AFTKS/AAUPKS,2000,2002,
155098,Fort Scott Community College,FT TTT,,NEA/KNEA,1974,1985,
155104,Garden City Community College,FT TTT,,,1971,1973,
155186,Highland Community College,FT NTT,,NEA/KNEA,1997,2005,
155195,Hutchinson Community College,FT TTT,,NEA/KNEA,1970,1972,
155201,Independence Community College,FT TTT-NTT,,NEA/KNEA,1970,1970,
155210,Johnson County Community College,FT TTT-NTT,,NEA/KNEA,1980,1981,
155265,Kansas City Ks Area Technical School,FT TTT,,NEA/KNEA,1971,1971,
155450,Labette Community College,FT TTT,,NEA/KNEA,1970,1970,
155487,Manhattan Area Technical College,FT NTT,,NEA/KNEA,2003,,
155566,Neosho County Community College,FT TTT,,NEA/KNEA,1997,1991,
155681,Pittsburg State University,FT TTT,,NEA/KNEA,1974,1978,
155715,Pratt Community College,FT TTT-NTT,,NEA/KNEA,1977,1977,
164739,Bentley University,PT NTT,SEIU Local 509,SEIU,2015,2016,
164748,Berklee College of Music,FT NTT,AFT Local 4412,AFT,1985,1986,
164748,Berklee College of Music,PT NTT,AFT Local 4412,AFT,1986,1986,
164988,Boston University,FT-PT NTT,SEIU Local 509,SEIU,2016,2017,
164988,Boston University,PT NTT,SEIU Local 509,SEIU,2015,2016,
165015,Brandeis University,PT NTT,SEIU Local 509,SEIU,2015,2017,
165529,Curry College,FT-PT NTT,,AFT/AAUP/AFTMA/AAUPMA,1979,1981,
165662,Emerson College,FT TTT-NTT,,AFT/AAUP/AFTMA/AAUPMA,1975,1976,
165662,Emerson College,PT NTT,,AFT/AAUP/AFTMA/AAUPMA,2001,2004,
165699,Endicott College,FT NTT,,NEA/MTA,1973,1974,
166452,Lesley University,FT-PT TTT-NTT,SEIU Local 509,SEIU,2015,2016,
166452,Lesley University,PT NTT,SEIU Local 509,SEIU,2014,2015,
166489,Longy School of Music,FT-PT NTT,AFT Local 06484,AFT,2010,,
167358,Northeastern University,PT NTT,SEIU Local 509,SEIU,2014,2016,
167525,Quincy College,FT-PT NTT,,NEA/MTA,,,
168005,Suffolk University,PT NTT,,AFT/AAUP/AFTMA/AAUPMA,2006,,
168148,Tufts University,FT NTT,SEIU Local 509,SEIU,2015,2016,
168148,Tufts University,PT NTT,SEIU Local 509,SEIU,2013,2014,
168148,Tufts University,FT NTT,SEIU Local 509,SEIU,2023,,
166629,University of Massachusetts Amherst,FT-PT TTT-NTT,,NEA/MTA,1976,1978,
166638,University of Massachusetts-Boston,CHR,,NEA/MTA,2016,2018,
166638,University of Massachusetts-Boston,FT-PT TTT-NTT,,NEA/MTA,1976,1978,
167987,University of Massachusetts-Dartmouth,FT-PT TTT-NTT,,NEA/MTA,1970,1970,
166513,University of Massachusetts-Lowell,FT TTT-NTT,,NEA/MTA,1976,1978,
166513,University of Massachusetts-Lowell,PT NTT,UAW Local 1596,UAW,2011,,
168227,Wentworth Institute of Technology,FT TTT,AFT Local 2403,AFT,1973,1976,
161767,Anne Arundel Community College,PT NTT,SEIU Local 500,SEIU,2023,,
162557,Frederick Community College,FT TTT-NTT,,AFT/AAUP/AFTMD,2023,,
162654,Goucher College,FT-PT NTT,SEIU Local 500,SEIU,2016,2018,
162779,Howard Community College,FT TTT-NTT,,AFT/AAUP/AFTMD,2023,,
163295,Maryland Institute College of Art,PT NTT,SEIU Local 500,SEIU,2014,2015,
163295,Maryland Institute College of Art,FT NTT,SEIU Local 500,SEIU,2022,,
164270,McDaniel College,PT NTT,SEIU Local 500,SEIU,2016,2018,
163426,Montgomery College,FT NTT,,AFT/AAUP/AFTMD/AAUPMD,1980,1982,
163426,Montgomery College,PT NTT,SEIU Local 500,SEIU,2008,2010,
161077,Central Maine Community College,FT-PT NTT,,NEA/MEA,1971,1971,
161138,Eastern Maine Community College,FT-PT NTT,,NEA/MEA,1971,1971,
161484,Northern Maine Community College,FT-PT NTT,,NEA/MEA,1971,1971,
161545,Southern Maine Community College,FT-PT NTT,,NEA/MEA,1971,1971,
161077,Central Maine Community College,PT NTT,SEIU Local 1989,SEIU,2010,,
161138,Eastern Maine Community College,PT NTT,SEIU Local 1989,SEIU,2010,,
161484,Northern Maine Community College,PT NTT,SEIU Local 1989,SEIU,2010,,
161545,Southern Maine Community College,PT NTT,SEIU Local 1989,SEIU,2010,,
161299,Maine Maritime Academy,FT-PT NTT,SEIU Local 1989,SEIU,1988,1988,
161217,University of Maine at Augusta,FT TTT,,NEA/MEA,1978,1979,
161226,University of Maine at Farmington,FT TTT,,NEA/MEA,1978,1979,
161235,University of Maine at Fort Kent,FT TTT,,NEA/MEA,1978,1979,
161244,University of Maine at Machias,FT TTT,,NEA/MEA,1978,1979,
161253,University of Maine,FT TTT,,NEA/MEA,1978,1979,
161217,University of Maine at Augusta,PT NTT,AFT Local 4593,AFT/MPTFA,1986,1988,
161226,University of Maine at Farmington,PT NTT,AFT Local 4593,AFT/MPTFA,1986,1988,
161235,University of Maine at Fort Kent,PT NTT,AFT Local 4593,AFT/MPTFA,1986,1988,
161244,University of Maine at Machias,PT NTT,AFT Local 4593,AFT/MPTFA,1986,1988,
161253,University of Maine,PT NTT,AFT Local 4593,AFT/MPTFA,1986,1988,
168528,Adrian College,FT TTT-NTT,,NEA/MEA,1975,1977,
168607,Alpena Community College,FT TTT-NTT,,NEA/MEA,1965,1965,
168883,Bay de Noc Community College,FT TTT-NTT,,NEA/MEA,1971,1971,
168883,Bay de Noc Community College,PT NTT,,,1971,1971,
169248,Central Michigan University,FT-PT NTT,,NEA/MEA,1969,1970,
169248,Central Michigan University,FT-PT NTT,AFT Local 6523,AFT,,,
169521,Delta College,FT TTT-NTT,,NEA/MEA,2019,2022,
169798,Eastern Michigan University,FT NTT,AFT Local 9102,AFT,1974,1974,
169798,Eastern Michigan University,FT TTT,,AFT/AAUP,2010,,
169798,Eastern Michigan University,PT NTT,AFT Local 9102,AFT,2010,2011,
169910,Ferris State University,FT TTT,,NEA/MEA,1973,1973,
169910,Ferris State University,FT-PT NTT,AFT Local 6528,AFT,2010,,
169974,Glen Oaks Community College,FT TTT-NTT,,NEA/MEA,1968,1968,
169992,Gogebic Community College,FT-PT NTT,,,1965,1965,
170055,Grand Rapids Community College,FT-PT TTT-NTT,,,1965,1965,
170240,Henry Ford College,FT TTT,AFT Local 1650,AFT,1965,1966,
170240,Henry Ford College,PT NTT,AFT Local 337,AFT,2008,2009,
170444,Jackson College,FT TTT-NTT,,NEA/MEA,1965,1966,
170541,Kalamazoo Valley Community College,FT TTT-NTT,,AFT/AAUP,1995,1969,
170541,Kalamazoo Valley Community College,PT NTT,AFT Local 2412,AFT,2012,2014,
170550,Kellogg Community College,FT TTT,,NEA/MEA,1967,1968,
170587,Kirtland Community College,FT NTT,AFT Local 4416,AFT,1969,1971,
170620,Lake Michigan College,FT NTT,,NEA/MEA,2000,2003,
170639,Lake Superior State University,FT TTT,,NEA/MEA,1978,1978,
170657,Lansing Community College,FT-PT TTT-NTT,,NEA/MEA,1968,1969,
170790,Macomb Community College,FT TTT,AFT Local 6526,AFT,1966,1967,
170790,Macomb Community College,PT NTT,AFT Local 6533,AFT,2003,,
171100,Michigan State University,FT-PT NTT,AFT Local 1855,AFT,2009,2010,
171155,Mid Michigan College,FT TTT-NTT,,NEA/MEA,1968,1969,
171225,Monroe County Community College,FT TTT-NTT,,NEA/MEA,1968,1968,
171234,Montcalm Community College,FT TTT,,NEA/MEA,1968,1968,
169275,Mott Community College,FT-PT TTT-NTT,,NEA/MEA,1966,1966,
171304,Muskegon Community College,FT TTT-NTT,,NEA/MEA,1965,1967,
171395,North Central Michigan College,FT TTT,,NEA/MEA,1980,1981,
171456,Northern Michigan University,FT-PT TTT-NTT,,NEA/MEA,1980,1980,
171456,Northern Michigan University,FT-PT TTT-NTT,,AFT/AAUP,1975,1976,
171483,Northwestern Michigan College,FT-PT NTT,,NEA/MEA,2015,2015,
171483,Northwestern Michigan College,CHR,,NEA/MEA,2015,2015,
171535,Oakland Community College,FT TTT,,NEA/MEA,1965,1966,
171571,Oakland University,FT-PT TTT-NTT,,AFT/AAUP,1970,1971,
172051,Saginaw Valley State University,FT-PT TTT-NTT,,NEA/MEA,1972,1972,
172200,Schoolcraft College,FT-PT TTT-NTT,,NEA/MEA,1972,1967,
172307,Southwestern Michigan College,FT TTT,,NEA/MEA,2018,2019,
172291,St Clair County Community College,FT-PT TTT-NTT,,NEA/MEA,1968,1970,
169716,University of Detroit Mercy,FT TTT-NTT,,NEA/MEA,1975,1977,
170976,University of Michigan-Ann Arbor,FT-PT NTT,AFT Local 6244,AFT,2003,2003,
170976,University of Michigan-Ann Arbor,Librarian,AFT Local 6244,AFT,2021,2022,
172617,Washtenaw Community College,FT-PT TTT-NTT,,NEA/MEA,1966,1967,
172635,Wayne County Community College District,FT-PT TTT-NTT,AFT Local 2000,AFT/AAUP,1970,1970,
172644,Wayne State University,FT TTT-NTT,AFT Local 6075,AFT/AAUP,1972,1972,
172644,Wayne State University,PT NTT,AFT Local 477,AFT,2007,2008,
172671,West Shore Community College,FT TTT,,NEA/MEA,1970,1970,
172699,Western Michigan University,FT TTT-NTT,,AFT/AAUP,1975,1976,
172699,Western Michigan University,PT NTT,AFT Local 1903,AFT,2009,2010,
173045,Augsburg College,PT NTT,SEIU Local 284,SEIU,2016,2018,
173665,Hamline University,PT NTT,SEIU Local 284,SEIU,2014,2016,
174127,Minneapolis College of Art and Design,FT NTT,SEIU Local 284,SEIU,2016,2018,
174127,Minneapolis College of Art and Design,PT NTT,SEIU Local 284,SEIU,2016,2018,
173559,Minnesota State Community and Technical College,FT-PT TTT-NTT,AFT Local 4901,AFT/EM,2001,2003,
175263,Minnesota State College-Southeast Technical,FT-PT TTT-NTT,AFT Local 4901,AFT/EM,2001,2003,
175078,Southwest Minnesota State University,FT-PT TTT-NTT,,,1975,1976,
173920,Minnesota State University-Mankato,FT-PT TTT-NTT,,,1975,1976,
174358,Minnesota State University Moorhead,FT-PT TTT-NTT,,,1975,1976,
174233,UNIVERSITY OF MINNESOTA-DULUTH,FT-PT TTT-NTT,,NEA/AFT/EM,1980,1982,
177250,EAST CENTRAL COLLEGE,FT TTT-NTT,,NEA/MNEA,2014,2015,
177551,HARRIS-STOWE STATE COLLEGE,FT TTT,,NEA/MNEA,2013,2014,
177676,JEFFERSON COLLEGE,FT TTT-NTT,,NEA/MNEA,1983,,
177940,LINCOLN UNIVERSITY,FT TTT,,NEA/MNEA,2016,2018,
178129,METROPOLITAN COMMUNITY COLLEGES ADMIN SYSTEM OFF,FT TTT,,NEA/MNEA,2015,2016,
178721,PARK UNIVERSITY,FT TTT-NTT,AFT Local 3576,AFT,1976,1977,
179113,SAINT LOUIS COMMUNITY COLLEGE-MERAMEC,FT NTT,,NEA/MNEA,1977,1977,
179292,SAINT LOUIS COMMUNITY COLLEGE-FLORISSANT VALLEY,FT NTT,,NEA/MNEA,1977,1977,
179308,SAINT LOUIS COMMUNITY COLLEGE-FOREST PARK,FT NTT,,NEA/MNEA,1977,1977,
179113,SAINT LOUIS COMMUNITY COLLEGE-MERAMEC,PT NTT,SEIU Local 1,SEIU,2015,2018,
179292,SAINT LOUIS COMMUNITY COLLEGE-FLORISSANT VALLEY,PT NTT,SEIU Local 1,SEIU,2015,2018,
179308,SAINT LOUIS COMMUNITY COLLEGE-FOREST PARK,PT NTT,SEIU Local 1,SEIU,2015,2018,
262031,ST CHARLES COMMUNITY COLLEGE,FT TTT-NTT,AFT Local 4803,AFT,1991,1993,
262031,ST CHARLES COMMUNITY COLLEGE,PT NTT,SEIU Local 1,SEIU,2016,2017,
179159,Saint Louis University-Main Campus,PT NTT,SEIU Local 1,SEIU,2016,2017,
179867,Washington University in St Louis,PT NTT,SEIU Local 1,SEIU,2015,2016,
180151,Dawson Community College,FT-PT TTT-NTT,AFT Local 3402,AFT/NEA/MFPE,1975,1975,
180197,Flathead Valley Community College,FT TTT,,AFT/NEA/MFPE,1979,1981,
180197,Flathead Valley Community College,PT NTT,,AFT/NEA/MFPE,1992,1992,
180276,University of Montana-Helena College of Technology,FT TTT-NTT,AFT Local 7715,AFT/NEA/MFPE,2000,2001,
180373,Miles Community College,FT NTT,,AFT/NEA/MFPE,2005,2007,
180179,Montana State University-Billings,FT-PT TTT-NTT,,AFT/NEA/MFPE,1975,1976,
180461,Montana State University-Bozeman,FT-PT NTT,AFT Local 7734,AFT/NEA/MFPE,2009,,
180522,Montana State University-Northern,FT-PT TTT-NTT,AFT Local 4045,AFT/NEA/MFPE,1975,1976,
180081,Montana Tech-College of Technology,FT-PT TTT-NTT,,AFT/NEA/MFPE,2006,,
180489,The University of Montana,FT TTT-NTT,,AFT/NEA/MFPE,1978,1979,
180692,The University of Montana-Western,FT-PT TTT-NTT,AFT Local 4323,AFT/NEA/MFPE,1975,1975,
198419,Duke University,FT-PT NTT,SEIU Local 26,SEIU,2016,2017,
198516,Elon University,PT NTT,SEIU Local 32,SEIU,2021,2022,
180902,Central Community College,FT TTT,,NEA/NSEA,1976,1976,
181303,Metropolitan Community College Area,FT NTT,,NEA/NSEA,1974,1974,
181312,Mid-Plains Community College,FT NTT,,NEA/NSEA,1976,1976,
181534,Peru State College,FT TTT-NTT,,NEA/NSEA,1976,1976,
181783,Wayne State College,FT TTT-NTT,,NEA/NSEA,1976,1976,
181491,Northeast Community College,FT TTT,,NEA/NSEA,1974,1975,
181640,Southeast Community College Area,FT TTT-NTT,,NEA/NSEA,1970,1971,
181215,University of Nebraska at Kearney,FT TTT,,NEA/NSEA,1976,1991,
181394,University of Nebraska at Omaha,FT-PT TTT-NTT,,AFT/AAUP,1979,1981,
181817,Western Nebraska Community College,FT TTT,,NEA/NSEA,1976,,
183105,New Hampshire Community Technical College-Berlin,FT NTT,IBEW Local 2320,IBEW/NHHEU,1973,1974,
183114,New Hampshire Community Technical College-Claremont,FT NTT,IBEW Local 2320,IBEW/NHHEU,1973,1974,
183123,New Hampshire Community Technical College-Laconia,FT NTT,IBEW Local 2320,IBEW/NHHEU,1973,1974,
183132,New Hampshire Community Technical College-Manchester,FT NTT,IBEW Local 2320,IBEW/NHHEU,1973,1974,
183141,New Hampshire Community Technical College-Nashua,FT NTT,IBEW Local 2320,IBEW/NHHEU,1973,1974,
183150,New Hampshire Community Technical College-Stratham,FT NTT,IBEW Local 2320,IBEW/NHHEU,1973,1974,
183105,New Hampshire Community Technical College-Berlin,PT NTT,SEIU Local 1984,SEIU/SEANH,2011,,
183114,New Hampshire Community Technical College-Claremont,PT NTT,SEIU Local 1984,SEIU/SEANH,2011,,
183123,New Hampshire Community Technical College-Laconia,PT NTT,SEIU Local 1984,SEIU/SEANH,2011,,
183132,New Hampshire Community Technical College-Manchester,PT NTT,SEIU Local 1984,SEIU/SEANH,2011,,
183141,New Hampshire Community Technical College-Nashua,PT NTT,SEIU Local 1984,SEIU/SEANH,2011,,
183150,New Hampshire Community Technical College-Stratham,PT NTT,SEIU Local 1984,SEIU/SEANH,2011,,
182795,Franklin Pierce College,FT-PT TTT-NTT,AFT Local 2433,AFT/AFTNH,1974,1974,
183062,Keene State College,FT TTT,,NEA/NEANH,1978,1979,
183062,Keene State College,FT-PT NTT,,NEA/NEANH,2000,2000,
183080,Plymouth State University,FT NTT,SEIU Local 1984,SEIU,2020,2023,
183080,Plymouth State University,FT NTT,,AFT/AAUP,2016,2018,
183080,Plymouth State University,PT NTT,SEIU Local 1984,SEIU,2012,2013,
183044,University of New Hampshire-Main Campus,FT TTT,,AFT/AAUP,1990,1993,
183071,University of New Hampshire-Manchester,FT-PT NTT,,AFT/AAUP,2014,2015,
182829,Franklin Pierce Law Center,FT TTT-NTT,,NEA/NEANH,2015,2017,
183655,Atlantic Cape Community College,FT TTT,,NEA/NJEA,1968,1970,
183655,Atlantic Cape Community College,FT TTT,,,,,
183743,Bergen Community College,FT TTT-NTT,,,1968,1969,
183743,Bergen Community College,PT NTT,AFT Local 2222,AFT/AFTNJ,2012,2015,
183822,Bloomfield College,FT-PT TTT-NTT,,AFT/AAUP/AAUPNJ,1973,1975,
183859,Brookdale Community College,FT TTT,,NEA/NJEA,1971,1974,
183859,Brookdale Community College,PT NTT,AFT Local 2222,AFT/NEA/AFTNJ,2018,2022,
183938,Camden County College,FT TTT,,NEA/NJEA,1968,1968,
183938,Camden County College,PT NTT,AFT Local 2222,AFT/NEA/AFTNJ,1995,1996,
184180,County College of Morris,CHR,,NEA/NJEA,1974,1975,
184180,County College of Morris,FT TTT-NTT,,NEA/NJEA,2008,2008,
184180,County College of Morris,PT NTT,AFT Local 2222,AFT/AFTNJ,2008,2009,
184481,Essex County College,FT TTT-NTT,,NEA/NJEA,1968,1970,
184481,Essex County College,PT NTT,AFT Local 2222,AFT/AFTNJ,2007,,
184995,Hudson County Community College,FT TTT,,NEA/NJEA,1989,1989,
184995,Hudson County Community College,PT NTT,AFT Local 2222,AFT/AFTNJ,2003,2006,
185509,Mercer County Community College,FT TTT-NTT,,NEA/NJEA,1970,1971,
185509,Mercer County Community College,PT NTT,AFT Local 2222,AFT/AFTNJ,1997,1997,
185536,Middlesex County College,FT TTT-NTT,AFT Local 1940,AFT/AFTNJ/FUMCC,1968,1968,
185536,Middlesex County College,PT NTT,AFT Local 2222,AFT/AFTNJ/MCCC-UAFNJ,1996,1998,
185572,Monmouth University,FT TTT-NTT,,AFT/AAUP/AFTNJ,1971,1971,
185828,New Jersey Institute of Technology,FT TTT-NTT,,AFT/AAUP/AFTNJ,1970,1971,
185828,New Jersey Institute of Technology,PT NTT,AFT Local 6464,AFT/AFTNJ/UCAN,2017,2018,
185873,Ocean County College,FT TTT,,NEA/NJEA,1968,1968,
185873,Ocean County College,PT NTT,,,1982,1984,
186034,Passaic County Community College,FT TTT-NTT,,NEA/NJEA,1972,1972,
186034,Passaic County Community College,PT NTT,AFT Local 2222,AFT/AFTNJ,2003,2005,
186645,Raritan Valley Community College,FT-PT TTT,AFT Local 2376,AFT/AFTNJ,1973,,
186645,Raritan Valley Community College,PT NTT,AFT Local 2375,AFT/AFTNJ,,,
186283,Rider University,FT-PT TTT-NTT,,AFT/AAUP/AFTNJ,1973,1974,
183877,Rowan College at Burlington County,FT TTT,,NEA/NJEA,1970,1971,
184205,Rowan College South Jersey Cumberland Campus,FT TTT,,NEA/NJEA,1968,1969,
184791,Rowan College at Gloucester County,FT TTT,,NEA/NJEA/RCGCFA,1968,1969,
184782,Rowan University,FT-PT TTT-NTT,,AFT/AAUP/AFTNJ,1972,,
186371,Rutgers University-Camden,FT TTT-NTT,AFT Local 6323,AFT/AAUP/AFTNJ,1970,1971,
186380,Rutgers University-New Brunswick,FT TTT-NTT,AFT Local 6323,AFT/AAUP/AFTNJ,1970,1971,
186399,Rutgers University-Newark,FT TTT-NTT,AFT Local 6323,AFT/AAUP/AFTNJ,1970,1971,
186371,Rutgers University-Camden,PT NTT,AFT Local 6323,AFT/AAUP/AFTNJ,1988,1991,
186380,Rutgers University-New Brunswick,PT NTT,AFT Local 6323,AFT/AAUP/AFTNJ,1988,1991,
186399,Rutgers University-Newark,PT NTT,AFT Local 6323,AFT/AAUP/AFTNJ,1988,1991,
186469,Salem Community College,FT TTT-NTT,,NEA/NJEA,1975,1976,
247603,Sussex County Community College,FT TTT-NTT,AFT Local 4780,AFT/AFTNJ/ACCFF,1991,1994,
247603,Sussex County Community College,PT NTT,AFT Local 2222,AFT/AFTNJ,1997,2000,
187198,Union County College,FT TTT-NTT,,AFT/AAUP/AFTNJ,1974,1975,
187198,Union County College,PT NTT,AFT Local 2222,AFT/AFTNJ,2003,2004,
245625,Warren County Community College,FT TTT,,NEA/NJEA,1992,1995,
187532,Central New Mexico Community College,FT TTT-NTT,,,1995,1996,
187532,Central New Mexico Community College,PT NTT,,,1995,1996,
187897,New Mexico Highlands University,FT TTT,,NEA/AFT,,,
188058,Northern New Mexico College,FT TTT,AFT Local 4935,AFT,2005,,
188058,Northern New Mexico College,PT NTT,AFT Local 4935,AFT,,,
188100,San Juan College,FT TTT-NTT,,NEA/NEANM,2019,2022,
188137,Santa Fe Community College,FT NTT,,AFT/AAUP,2017,2019,
187976,University of New Mexico-Los Alamos Campus,FT TTT-NTT,AFT Local 6662,AFT/AAUP,2019,2021,
187985,University of New Mexico-Main Campus,FT TTT-NTT,AFT Local 6662,AFT/AAUP,2019,2021,
187958,University of New Mexico-Gallup Campus,FT TTT-NTT,AFT Local 6662,AFT/AAUP,2019,2021,
188049,University of New Mexico-Valencia County Branch,FT TTT-NTT,AFT Local 6662,AFT/AAUP,2019,2021,
188225,University of New Mexico-Taos Branch,FT TTT-NTT,AFT Local 6662,AFT/AAUP,2019,2021,
187976,University of New Mexico-Los Alamos Campus,PT NTT,AFT Local 6662,AFT/AAUP,2019,2021,
187985,University of New Mexico-Main Campus,PT NTT,AFT Local 6662,AFT/AAUP,2019,2021,
187958,University of New Mexico-Gallup Campus,PT NTT,AFT Local 6662,AFT/AAUP,2019,2021,
188049,University of New Mexico-Valencia County Branch,PT NTT,AFT Local 6662,AFT/AAUP,2019,2021,
188225,University of New Mexico-Taos Branch,PT NTT,AFT Local 6662,AFT/AAUP,2019,2021,
445735,University of Southern Nevada,FT TTT,,AFT/AAUP/NFA,2016,2020,
182500,Truckee Meadows Community College,FT-PT TTT-NTT,,AFT/AAUP/NFA,1992,1993,
182564,Western Nevada College,FT TTT-NTT,,AFT/AAUP/NFA,2012,2014,
188429,Adelphi University,FT-PT TTT-NTT,,AFT/AAUP/NYSUT,1972,1973,
188678,American Academy of Dramatic Arts-New York,FT-PT NTT,,,2023,,
189015,Bank Street College of Education,FT-PT TTT-NTT,AFT Local 6019,AFT/AAUP/NYSUT,1995,1995,
189088,Bard College,FT TTT,,AFT/AAUP/NYSUT,1972,1973,
189097,Barnard College,FT-PT NTT,UAW Local 2110,UAW,2015,2017,
189583,Bryant & Stratton College-Buffalo,,,,1989,1999,
189839,Cayuga County Community College,FT NTT,UAW Local 2110,UAW,,,
189839,Cayuga County Community College,FT TTT-NTT,,NEA/AFT/NYSUT,1970,1970,
189839,Cayuga County Community College,PT NTT,,NEA/AFT/NYSUT,2016,2023,
190512,CUNY Bernard M Baruch College,FT-PT TTT-NTT,,NEA/AFT/NYSUT,1969,1969,
190521,CUNY Borough of Manhattan Community College,FT-PT TTT-NTT,,NEA/AFT/NYSUT,,,
190530,CUNY Bronx Community College,FT-PT TTT-NTT,,NEA/AFT/NYSUT,1969,1969,
190549,CUNY Brooklyn College,FT-PT TTT-NTT,,NEA/AFT/NYSUT,1969,1969,
190558,College of Staten Island CUNY,FT-PT TTT-NTT,,NEA/AFT/NYSUT,1969,1969,
190567,CUNY City College,FT-PT TTT-NTT,,NEA/AFT/NYSUT,1969,1969,
190576,CUNY Graduate School and University Center,FT-PT TTT-NTT,,NEA/AFT/NYSUT,1969,1969,
190585,CUNY Hostos Community College,FT-PT TTT-NTT,,NEA/AFT/NYSUT,1969,1969,
190594,CUNY Hunter College,FT-PT TTT-NTT,,NEA/AFT/NYSUT,1969,1969,
190600,CUNY John Jay College of Criminal Justice,FT-PT TTT-NTT,,NEA/AFT/NYSUT,1969,1969,
190619,CUNY Kingsborough Community College,FT-PT TTT-NTT,,NEA/AFT/NYSUT,1969,1969,
190628,CUNY LaGuardia Community College,FT-PT TTT-NTT,,NEA/AFT/NYSUT,1969,1969,
190637,CUNY Lehman College,FT-PT TTT-NTT,,NEA/AFT/NYSUT,1969,1969,
190646,CUNY Medgar Evers College,FT-PT TTT-NTT,,NEA/AFT/NYSUT,1969,1969,
190655,CUNY New York City College of Technology,FT-PT TTT-NTT,,NEA/AFT/NYSUT,1969,1969,
190664,CUNY Queens College,FT-PT TTT-NTT,,NEA/AFT/NYSUT,1969,1969,
190673,CUNY Queensborough Community College,FT-PT TTT-NTT,,NEA/AFT/NYSUT,1969,1969,
190682,CUNY School of Law,FT-PT TTT-NTT,,NEA/AFT/NYSUT,1969,1969,
190691,CUNY York College,FT-PT TTT-NTT,,NEA/AFT/NYSUT,1969,1969,
190053,Clinton Community College,FT-PT TTT-NTT,,,1972,1973,
195234,The College of Saint Rose,PT NTT,SEIU Local 200United,SEIU,2014,2016,
195234,The College of Saint Rose,PT NTT,SEIU Local 200United,SEIU,2019,2019,
190169,Columbia-Greene Community College,FT TTT-NTT,AFT Local 39075,NEA/AFT/NYSUT,1971,1971,
190372,Cooper Union for the Advancement of Science and Art,FT TTT,AFT Local 3136,NEA/AFT/NYSUT,1975,1978,
190372,Cooper Union for the Advancement of Science and Art,PT NTT,AFT Local 7974,NEA/AFT/NYSUT,2009,,
190415,Cornell University,PT NTT,,NEA/AFT/NYSUT,1981,1982,
190503,Culinary Institute of America,FT NTT,,NEA/AFT/NYSUT,1979,1979,
190716,D'Youville College,FT TTT-NTT,,AFT/AAUP/NYSUT,1976,1977,
190840,Dutchess Community College,FT TTT-NTT,,,1968,1969,
190840,Dutchess Community College,PT NTT,,,1985,1987,
191083,Erie Community College,FT-PT TTT-NTT,AFT Local 7847,NEA/AFT/NYSUT,1971,1971,
191126,Fashion Institute of Technology,FT-PT TTT-NTT,AFT Local 3457,NEA/AFT/NYSUT,1967,1967,
191199,Finger Lakes Community College,FT TTT,,NEA/AFT/NYSUT,1974,1975,
191199,Finger Lakes Community College,PT NTT,,NEA/AFT/NYSUT,,,
191241,Fordham University,FT-PT NTT,SEIU Local 200United,SEIU,2017,2018,
191302,Fulton-Montgomery Community College,FT-PT TTT-NTT,,,1969,1969,
191339,Genesee Community College,FT NTT,,NEA/AFT/NYSUT,1971,1971,
191612,Herkimer County Community College,FT TTT-NTT,,NEA/AFT/NYSUT,1975,1977,
191649,Hofstra University,FT-PT TTT-NTT,,AFT/AAUP/NYSUT,1973,1974,
191719,Hudson Valley Community College,FT-PT TTT-NTT,,,1969,1969,
191719,Hudson Valley Community College,FT-PT TTT-NTT,,,1976,1976,
191719,Hudson Valley Community College,CHR,,,1976,1976,
191968,Ithaca College,FT-PT NTT,SEIU Local 200United,SEIU,2016,2017,
191968,Ithaca College,PT NTT,SEIU Local 200United,SEIU,2015,2017,
191986,Jamestown Community College,FT-PT TTT-NTT,,NEA/AFT/NYSUT,1992,1970,
192022,Jefferson Community College,FT TTT-NTT,,NEA/AFT/NYSUT,1975,1969,
192323,Le Moyne College,PT NTT,AFT Local 37985,NEA/AFT/NYSUT,2007,,
192439,Long Island University-Brooklyn Campus,FT-PT TTT-NTT,AFT Local 3998,AFT/NYSUT,1970,1972,
192448,Long Island University-C W Post Campus,FT-PT TTT-NTT,AFT Local 3998,AFT/NYSUT,1970,1972,
192457,Long Island University-University Center,FT-PT TTT-NTT,AFT Local 3998,AFT/NYSUT,1970,1972,
192554,Long Island University-Rockland Campus,FT-PT TTT-NTT,AFT Local 3998,AFT/NYSUT,1970,1972,
192563,Long Island University-Brentwood,FT-PT TTT-NTT,AFT Local 3998,AFT/NYSUT,1970,1972,
192439,Long Island University-Brooklyn Campus,FT TTT,,AFT/AAUP/NYSUT,1978,1979,
192448,Long Island University-C W Post Campus,FT TTT,,AFT/AAUP/NYSUT,1978,1979,
192457,Long Island University-University Center,FT TTT,,AFT/AAUP/NYSUT,1978,1979,
192554,Long Island University-Rockland Campus,FT TTT,,AFT/AAUP/NYSUT,1978,1979,
192563,Long Island University-Brentwood,FT TTT,,AFT/AAUP/NYSUT,1978,1979,
192439,Long Island University-Brooklyn Campus,FT TTT-NTT,AFT Local 3517,AFT/NYSUT,1976,1975,
192448,Long Island University-C W Post Campus,FT TTT-NTT,AFT Local 3517,AFT/NYSUT,1976,1975,
192457,Long Island University-University Center,FT TTT-NTT,AFT Local 3517,AFT/NYSUT,1976,1975,
192554,Long Island University-Rockland Campus,FT TTT-NTT,AFT Local 3517,AFT/NYSUT,1976,1975,
192563,Long Island University-Brentwood,FT TTT-NTT,AFT Local 3517,AFT/NYSUT,1976,1975,
192439,Long Island University-Brooklyn Campus,PT NTT,CWA Local 1101,CWA,1978,1979,
192448,Long Island University-C W Post Campus,PT NTT,CWA Local 1101,CWA,1978,1979,
192457,Long Island University-University Center,PT NTT,CWA Local 1101,CWA,1978,1979,
192554,Long Island University-Rockland Campus,PT NTT,CWA Local 1101,CWA,1978,1979,
192563,Long Island University-Brentwood,PT NTT,CWA Local 1101,CWA,1978,1979,
192712,Manhattan School of Music,PT NTT,,NEA/AFT/NYSUT,2009,,
192749,Manhattanville College,PT NTT,AFT Local 7997,NEA/AFT/NYSUT,2011,2015,
192864,Marymount Manhattan College,PT NTT,AFT Local 7946,NEA/AFT/NYSUT,2003,2010,
193016,Mercy College-Main Campus,PT NTT,SEIU Local 200United,SEIU,2019,2022,
193283,Mohawk Valley Community College-Utica Branch,PT NTT,,NEA/AFT/NYSUT,2012,2015,
193283,Mohawk Valley Community College-Utica Branch,FT TTT,Local 2839,NEA/AFT/NYSUT,1972,1972,
193326,Monroe Community College,FT-PT TTT-NTT,AFT Local 2842,NEA/AFT/NYSUT,1969,1969,
193478,Nassau Community College,FT TTT-NTT,AFT Local 3150,NEA/AFT/NYSUT,1969,1969,
193478,Nassau Community College,PT NTT,,,1974,1974,
193584,Nazareth College of Rochester,PT NTT,SEIU Local 200United,SEIU,2018,2019,
262013,New York Institute of Technology-Central Islip,FT-PT TTT-NTT,,NEA/AFT/NYSUT,1970,1971,
446969,New York Institute of Technology-Ellis College,FT-PT TTT-NTT,,NEA/AFT/NYSUT,1970,1971,
194091,New York Institute of Technology-Old Westbury,FT-PT TTT-NTT,,NEA/AFT/NYSUT,1970,1971,
194107,New York Institute of Technology-Manhattan Campus,FT-PT TTT-NTT,,NEA/AFT/NYSUT,1970,1971,
194541,Polytechnic Institute of New York University,PT NTT,UAW Local 7902,UAW,2002,2004,
193900,New York University,PT NTT,UAW Local 7902,UAW,2002,2004,
193946,Niagara County Community College,FT TTT-NTT,,,1978,1969,
193973,Niagara University,FT TTT-NTT,,NEA/AFT/NYSUT,1975,1979,
194028,North Country Community College,FT TTT-NTT,,,1969,1970,
194222,Onondaga Community College,FT-PT TTT-NTT,AFT Local 1845,AFT/NYSUT,1968,1968,
194240,Orange County Community College,FT-PT TTT-NTT,,NEA/AFT/NYSUT,1969,1969,
194310,Pace University-New York,PT NTT,,,2004,2009,
194578,Pratt Institute-Main,FT-PT TTT-NTT,AFT Local 1460,NEA/AFT/NYSUT,1971,1972,
195058,Rockland Community College,FT TTT-NTT,AFT Local 1871,NEA/AFT/NYSUT,1969,1967,
195058,Rockland Community College,PT NTT,AFT Local 4896,NEA/AFT/NYSUT,1993,1995,
189547,SUNY Broome Community College,FT-PT TTT-NTT,,,1979,1969,
190442,SUNY Corning Community College,FT TTT-NTT,,NEA/AFT/NYSUT,2004,2005,
195322,Schenectady County Community College,FT TTT,,,1970,1971,
195322,Schenectady County Community College,PT NTT,SEIU Local 200United,SEIU,2015,2017,
195474,Siena College,FT NTT,SEIU Local 200United,SEIU,2015,2017,
195474,Siena College,PT NTT,SEIU Local 200United,SEIU,2015,2017,
195526,Skidmore College,FT NTT,SEIU Local 200United,SEIU/SFF,2022,,
195526,Skidmore College,PT NTT,SEIU Local 200United,SEIU/SFF,2022,,
195173,St Francis College,PT NTT,AFT Local 7965,NEA/AFT/NYSUT,2010,2013,
195809,St John's University-New York,FT-PT TTT-NTT,,AFT/AAUP/NYSUT,1970,1970,
195827,SUNY-System Office,FT-PT TTT-NTT,,NEA/AFT/NYSUT,1971,1971,
196006,SUNY College of Technology at Alfred,FT-PT TTT-NTT,,NEA/AFT/NYSUT,1971,1971,
196015,SUNY College of Technology at Canton,FT-PT TTT-NTT,,NEA/AFT/NYSUT,1971,1971,
196024,SUNY College of Technology at Delhi,FT-PT TTT-NTT,,NEA/AFT/NYSUT,1971,1971,
196033,SUNY College of Agriculture and Technology at Cobleskill,FT-PT TTT-NTT,,NEA/AFT/NYSUT,1971,1971,
196051,SUNY Morrisville,FT-PT TTT-NTT,,NEA/AFT/NYSUT,1971,1971,
196060,SUNY at Albany,FT-PT TTT-NTT,,NEA/AFT/NYSUT,1971,1971,
196103,SUNY College of Environmental Science and Forestry,FT-PT TTT-NTT,,NEA/AFT/NYSUT,1971,1971,
196112,SUNY Polytechnic Institute,FT-PT TTT-NTT,,NEA/AFT/NYSUT,1971,1971,
196121,SUNY College at Brockport,FT-PT TTT-NTT,,NEA/AFT/NYSUT,1971,1971,
196130,SUNY Buffalo State,FT-PT TTT-NTT,,NEA/AFT/NYSUT,1971,1971,
196149,SUNY Cortland,FT-PT TTT-NTT,,NEA/AFT/NYSUT,1971,1971,
196158,SUNY at Fredonia,FT-PT TTT-NTT,,NEA/AFT/NYSUT,1971,1971,
196167,SUNY College at Geneseo,FT-PT TTT-NTT,,NEA/AFT/NYSUT,1971,1971,
196176,State University of New York at New Paltz,FT-PT TTT-NTT,,NEA/AFT/NYSUT,1971,1971,
196185,SUNY Oneonta,FT-PT TTT-NTT,,NEA/AFT/NYSUT,1971,1971,
196194,SUNY College at Oswego,FT-PT TTT-NTT,,NEA/AFT/NYSUT,1971,1971,
196200,SUNY College at Potsdam,FT-PT TTT-NTT,,NEA/AFT/NYSUT,1971,1971,
196219,SUNY at Purchase College,FT-PT TTT-NTT,,NEA/AFT/NYSUT,1971,1971,
196228,SUNY College of Optometry,FT-PT TTT-NTT,,NEA/AFT/NYSUT,1971,1971,
196237,SUNY College at Old Westbury,FT-PT TTT-NTT,,NEA/AFT/NYSUT,1971,1971,
196246,SUNY College at Plattsburgh,FT-PT TTT-NTT,,NEA/AFT/NYSUT,1971,1971,
196255,SUNY Downstate Medical Center,FT-PT TTT-NTT,,NEA/AFT/NYSUT,1971,1971,
196264,SUNY Empire State College,FT-PT TTT-NTT,,NEA/AFT/NYSUT,1971,1971,
196291,SUNY Maritime College,FT-PT TTT-NTT,,NEA/AFT/NYSUT,1971,1971,
366395,Suffolk County Community College,FT-PT TTT-NTT,AFT Local 3038,NEA/AFT/NYSUT,1970,1970,
195988,Sullivan County Community College,FT TTT,,,1974,1976,
196413,Syracuse University,PT NTT,,NEA/AFT/NYSUT,2005,2008,
193654,The New School,PT NTT,UAW Local 7902,UAW,2004,,
193654,The New School,PT NTT,AFT Local 802,AFM,1998,,
196565,Tompkins Cortland Community College,FT TTT-NTT,,NEA/AFT/NYSUT,1982,1983,
196565,Tompkins Cortland Community College,PT NTT,TC3AA,NEA/AFT/NYSUT,2017,2018,
196653,Trocaire College,FT-PT TTT-NTT,AFT Local 6388,NEA/AFT/NYSUT,1974,1981,
196699,Ulster County Community College,FT-PT TTT-NTT,,NEA/AFT/NYSUT,1989,1970,
197027,United States Merchant Marine Academy,FT-PT TTT,AFGE Local 3732,AFGE,1968,1968,
197045,Utica University,FT TTT-NTT,,AFT/AAUP/NYSUT,1976,1977,
197230,Wells College,FT-PT NTT,SEIU Local 200United,SEIU,2016,,
197294,SUNY Westchester Community College,FT-PT TTT-NTT,,NEA/AFT/NYSUT/WCCFT,1969,1969,
201283,Belmont College,FT NTT,AFT Local 6571,AFT/OFT,2016,2018,
201432,Bowling Green State University-Firelands,FT TTT-NTT,,AFT/AAUP/OCAAUP,2011,,
201441,Bowling Green State University-Main Campus,FT TTT-NTT,,AFT/AAUP/OCAAUP,2011,,
201672,Central Ohio Technical College,FT TTT-NTT,AFT Local 4729,AFT,1990,1990,
201690,Central State University,FT TTT,,AFT/AAUP/OCAAUP,1985,1985,
201928,Cincinnati State Technical and Community College,FT TTT ,,AFT/AAUP/OCAAUP,1989,1989,
201928,Cincinnati State Technical and Community College,FT NTT,,AFT/AAUP/OCAAUP,1996,1997,
202134,Cleveland State University,FT TTT-NTT,,AFT/AAUP/OCAAUP,1993,1995,
202170,Columbus College of Art and Design,FT TTT-NTT,,AFT,2023,,
202170,Columbus College of Art and Design,FT-PT NTT,,AFT,2023,,
202222,Columbus State Community College,FT TTT-NTT,,NEA,2001,2002,
202356,Cuyahoga Community College District,FT TTT ,,AFT/AAUP/OCAAUP,1977,1978,
203331,Eastern Gateway Community College,FT NTT,,NEA,1985,1986,
202648,Edison State Community College,FT TTT-NTT,,NEA,1985,1986,
203155,Hocking College,FT NTT,,NEA,1986,1994,
203447,Kent State University at Ashtabula,FT NTT,,AFT/AAUP/OCAAUP,1975,1978,
203456,Kent State University at East Liverpool,FT NTT,,AFT/AAUP/OCAAUP,1975,1978,
203465,Kent State University at Stark,FT NTT,,AFT/AAUP/OCAAUP,1975,1978,
203474,Kent State University at Trumbull,FT NTT,,AFT/AAUP/OCAAUP,1975,1978,
203483,Kent State University at Tuscarawas,FT NTT,,AFT/AAUP/OCAAUP,1975,1978,
203492,Kent State University at Salem,FT NTT,,AFT/AAUP/OCAAUP,1975,1978,
203517,Kent State University at Kent,FT NTT,,AFT/AAUP/OCAAUP,1975,1978,
203526,Kent State University at Geauga,FT NTT,,AFT/AAUP/OCAAUP,1975,1978,
203447,Kent State University at Ashtabula,FT TTT ,,AFT/AAUP/OCAAUP,1995,1996,
203456,Kent State University at East Liverpool,FT TTT ,,AFT/AAUP/OCAAUP,1995,1996,
203465,Kent State University at Stark,FT TTT ,,AFT/AAUP/OCAAUP,1995,1996,
203474,Kent State University at Trumbull,FT TTT ,,AFT/AAUP/OCAAUP,1995,1996,
203483,Kent State University at Tuscarawas,FT TTT ,,AFT/AAUP/OCAAUP,1995,1996,
203492,Kent State University at Salem,FT TTT ,,AFT/AAUP/OCAAUP,1995,1996,
203517,Kent State University at Kent,FT TTT ,,AFT/AAUP/OCAAUP,1995,1996,
203526,Kent State University at Geauga,FT TTT ,,AFT/AAUP/OCAAUP,1995,1996,
203599,Lakeland Community College,FT TTT ,,NEA,1978,1978,
204006,Miami University-Hamilton,FT TTT ,,AFT/AAUP,2023,,
204015,Miami University-Middletown,FT TTT ,,AFT/AAUP,2023,,
204024,Miami University-Oxford,FT TTT ,,AFT/AAUP,2023,,
204422,NORTH CENTRAL STATE COLLEGE,FT NTT,,AFT/AAUP/OCAAUP,2006,2008,
204440,NORTHWEST STATE COMMUNITY COLLEGE,FT TTT ,,NEA,1973,1973,
204945,OWENS COMMUNITY COLLEGE,FT TTT ,AFT Local 4670,AFT,1989,1989,
205443,SHAWNEE STATE UNIVERSITY,FT TTT-NTT,,NEA,1975,1976,
205966,SOUTHERN STATE COMMUNITY COLLEGE,FT TTT ,,NEA,1985,1986,
206011,TERRA STATE COMMUNITY COLLEGE,FT TTT ,AFT Local 4719,AFT,1985,1986,
200800,UNIVERSITY OF AKRON MAIN CAMPUS,FT TTT-NTT,,AFT/AAUP/OCAAUP,2003,2005,
200846,UNIVERSITY OF AKRON-WAYNE COLLEGE,FT TTT-NTT,,AFT/AAUP/OCAAUP,2003,2005,
201885,University of Cincinnati-Main Campus,FT TTT-NTT,,AFT/AAUP/OCAAUP,1975,1975,
201946,University of Cincinnati-Clermont College,FT TTT-NTT,,AFT/AAUP/OCAAUP,1975,1975,
201955,University of Cincinnati-Raymond Walters College,FT TTT-NTT,,AFT/AAUP/OCAAUP,1975,1975,
205203,University of Rio Grande,FT TTT-NTT,,,1976,1985,
203951,University of Toledo-Health Science Campus,FT NTT,,AFT/AAUP/OCAAUP,1991,1993,
206084,University of Toledo-Main Campus,FT NTT,,AFT/AAUP/OCAAUP,1991,1993,
203951,University of Toledo-Health Science Campus,FT TTT ,,AFT/AAUP/OCAAUP,1991,1993,
206084,University of Toledo-Main Campus,FT TTT ,,AFT/AAUP/OCAAUP,1991,1993,
206491,Wilberforce University,FT TTT ,,AFT/AAUP/OCAAUP,1979,1979,
206604,Wright State University-Main Campus,FT TTT-NTT,,AFT/AAUP/OCAAUP,1998,1999,
206613,Wright State University-Lake Campus,FT TTT-NTT,,AFT/AAUP/OCAAUP,1998,1999,
206695,Youngstown State University,FT TTT-NTT,,NEA,1972,1973,
208275,Blue Mountain Community College,FT-PT TTT,,NEA,1975,1976,
208318,Central Oregon Community College,FT-PT TTT,,,1975,1977,
208318,Central Oregon Community College,FT NTT,AFT Local 6732,AFT,1975,1977,
208390,Chemeketa Community College,FT-PT NTT,,NEA,1974,1974,
208406,Clackamas Community College,FT NTT,,NEA,1975,1973,
208406,Clackamas Community College,PT NTT,,NEA,1986,1986,
208415,Clatsop Community College,FT NTT,,NEA,1975,1975,
208415,Clatsop Community College,PT NTT,,NEA,1999,2000,
420556,Columbia Gorge Community College,FT-PT NTT,AFT Local 4754,AFT,1990,1991,
208646,Eastern Oregon University,FT-PT TTT-NTT,AFT Local 6200,AFT,2003,2005,
209038,Lane Community College,FT-PT TTT-NTT,,NEA,1974,1974,
209074,Linn-Benton Community College,FT NTT,,,1974,1974,
209074,Linn-Benton Community College,PT NTT,,NEA,2016,2016,
209250,Mt Hood Community College,FT TTT-NTT,,NEA,1976,1976,
209250,Mt Hood Community College,PT NTT,,NEA,1982,1984,
423652,Oregon Coast Community College,FT-PT NTT,AFT Local 6020,AFT,1997,1997,
209506,Oregon Institute of Technology,FT TTT-NTT,,AFT/AAUP,2018,2021,
209506,Oregon Institute of Technology,CHR,,AFT/AAUP,2019,,
209542,Oregon State University,FT-PT TTT-NTT,AFT Local 9609,AFT/AAUP,2018,2020,
209746,Portland Community College,FT-PT TTT-NTT,AFT Local 2277,AFT,1974,1975,
209807,Portland State University,FT TTT-NTT,,AFT/AAUP,1978,1979,
209807,Portland State University,PT NTT,AFT Local 3571,AFT,1978,1979,
209940,Rogue Community College,FT-PT TTT-NTT,,NEA,1975,1975,
210146,Southern Oregon University,FT-PT TTT-NTT,,,1973,1975,
210155,Southwestern Oregon Community College,FT TTT,AFT Local 3190,AFT,1974,1974,
210234,Treasure Valley Community College,FT TTT,,NEA,1980,1980,
210270,Umpqua Community College,FT NTT,,NEA,2006,,
210270,Umpqua Community College,PT NTT,,NEA,2012,2013,
209551,University of Oregon,FT-PT TTT-NTT,AFT Local 3209,AFT/AAUP,2012,2013,
210438,University of Western States,FT-PT TTT-NTT,AFT Local 3809,AFT,1978,1978,
210429,Western Oregon University,FT-PT TTT-NTT,AFT Local 2278,AFT,1977,1977,
211088,Arcadia University,PT NTT,AFT Local 9608,AFT,2017,2019,
211307,Bucks County Community College,FT-PT TTT-NTT,AFT Local 2238,AFT,1971,1972,
211343,Butler County Community College,FT-PT TTT-NTT,,NEA,1992,1992,
212975,Commonwealth Technical Institute,FT NTT,,NEA,1991,,
210605,Community College of Allegheny County,FT TTT-NTT,AFT Local 2067,AFT,1971,1972,
211079,Community College of Beaver County,FT-PT TTT-NTT,,NEA,1970,1972,
215239,Community College of Philadelphia,FT TTT-NTT,AFT Local 2026,AFT,1970,1970,
215239,Community College of Philadelphia,FT-PT NTT,AFT Local 2026,AFT,1978,1983,
211927,Delaware County Community College,FT TTT-NTT,,NEA,1974,1975,
211981,Delaware Valley University,FT TTT,,AFT/AAUP,1994,1995,
212878,Harrisburg Area Community College-Harrisburg,FT-PT TTT-NTT,,NEA,2022,,
213376,Lackawanna College,FT TTT,,NEA,1979,1980,
213525,Lehigh Carbon Community College,FT-PT TTT-NTT,,NEA,1970,1972,
213598,Lincoln University,FT TTT-NTT,,AFT/AAUP,1972,1973,
213659,Luzerne County Community College,FT TTT-NTT,,NEA,1971,1971,
214111,Montgomery County Community College,FT-PT TTT-NTT,AFT Local 4272,AFT,1979,1980,
214148,Moore College of Art and Design,FT-PT TTT-NTT,AFT Local 2208,AFT,1971,1971,
214379,Northampton County Area Community College,FT TTT-NTT,AFT Local 3579,AFT,1976,1977,
366252,Pennsylvania College of Technology,FT NTT,,NEA,1971,1972,
414911,Pennsylvania Highlands Community College,FT-PT TTT-NTT,,AFT,2000,2002,
214591,Pennsylvania State University-Penn State Erie-Behrend College,FT-PT TTT-NTT,,,1971,1972,
214607,Pennsylvania State University-Penn State Great Valley,FT-PT TTT-NTT,,,1971,1972,
214616,Pennsylvania State University-College of Medicine,FT-PT TTT-NTT,,,1971,1972,
214625,Pennsylvania State University-Penn State New Kensington,FT-PT TTT-NTT,,,1971,1972,
214634,Pennsylvania State University-Penn State Shenango,FT-PT TTT-NTT,,,1971,1972,
214643,Pennsylvania State University-Penn State Wilkes-Barre,FT-PT TTT-NTT,,,1971,1972,
214652,Pennsylvania State University-Penn State Scranton,FT-PT TTT-NTT,,,1971,1972,
214661,Pennsylvania State System of Higher Education-Central Office,FT-PT TTT-NTT,,,1971,1972,
214670,Pennsylvania State University-Penn State Lehigh Valley,FT-PT TTT-NTT,,,1971,1972,
214689,Pennsylvania State University-Penn State Altoona,FT-PT TTT-NTT,,,1971,1972,
214698,Pennsylvania State University-Penn State Beaver,FT-PT TTT-NTT,,,1971,1972,
214704,Pennsylvania State University-Penn State Berks,FT-PT TTT-NTT,,,1971,1972,
214713,Pennsylvania State University-Penn State Harrisburg,FT-PT TTT-NTT,,,1971,1972,
214731,Pennsylvania State University-Penn State Brandywine,FT-PT TTT-NTT,,,1971,1972,
214740,Pennsylvania State University-Penn State DuBois,FT-PT TTT-NTT,,,1971,1972,
214759,Pennsylvania State University-Penn State Fayette- Eberly,FT-PT TTT-NTT,,,1971,1972,
214768,Pennsylvania State University-Penn State Hazleton,FT-PT TTT-NTT,,,1971,1972,
214777,Pennsylvania State University-Main Campus,FT-PT TTT-NTT,,,1971,1972,
214786,Pennsylvania State University-Penn State Greater Allegheny,FT-PT TTT-NTT,,,1971,1972,
214795,Pennsylvania State University-Penn State Mont Alto,FT-PT TTT-NTT,,,1971,1972,
214801,Pennsylvania State University-Penn State Abington,FT-PT TTT-NTT,,,1971,1972,
214810,Pennsylvania State University-Penn State Schuylkill,FT-PT TTT-NTT,,,1971,1972,
214829,Pennsylvania State University-Penn State York,FT-PT TTT-NTT,,,1971,1972,
215442,Point Park University,FT TTT-NTT,CWA Local 38061,CWA,2015,2017,
215442,Point Park University,PT NTT,USW Local 1088,USW,2014,2016,
215585,Reading Area Community College,FT TTT,AFT Local 3173,AFT,1974,1975,
215655,Robert Morris University,FT TTT-NTT,AFT Local 3412,AFT,1974,1975,
215655,Robert Morris University,PT NTT,USW Local 1088,USW,2015,2017,
216339,Temple University,FT-PT TTT-NTT,AFT Local 4531,AFT,1973,1973,
216296,Thaddeus Stevens College of Technology,FT-PT TTT,,NEA,1972,1972,
215974,University of Pittsburgh Medical Center-Shadyside School of Nursing,FT-PT TTT-NTT,,USW,2021,,
215266,University of Pittsburgh-Bradford,FT-PT TTT-NTT,,USW,2021,,
215275,University of Pittsburgh-Greensburg,FT-PT TTT-NTT,,USW,2021,,
215284,University of Pittsburgh-Johnstown,FT-PT TTT-NTT,,USW,2021,,
215293,University of Pittsburgh-Pittsburgh Campus,FT-PT TTT-NTT,,USW,2021,,
215309,University of Pittsburgh-Titusville,FT-PT TTT-NTT,,USW,2021,,
215929,University of Scranton,FT TTT-NTT,,AFT/AAUP,1974,1974,
215105,The University of the Arts,FT-PT NTT,AFT Local 9608,AFT,2020,,
216825,Westmoreland County Community College,FT TTT-NTT,,NEA,1972,1972,
217165,Bryant University,FT TTT,AFT Local 1769,AFT/RIFTHP,1967,1967,
217475,Community College of Rhode Island,FT TTT-NTT,,NEA,1972,1972,
217475,Community College of Rhode Island,PT NTT,,NEA,2014,2016,
217420,Rhode Island College,FT-PT TTT-NTT,AFT Local 1819,AFT/RIFTHP,1972,1972,
217420,Rhode Island College,PT NTT,AFT Local 1563,AFT/RIFTHP,2009,2009,
217493,Rhode Island School of Design,FT TTT-NTT,,NEA,1978,1979,
217493,Rhode Island School of Design,PT NTT,,NEA,1979,1982,
217518,Roger Williams University,FT-PT TTT-NTT,,NEA,1972,1973,
217484,University of Rhode Island,FT-PT TTT-NTT,,AFT/AAUP/RIFTHP,1972,1973,
217484,University of Rhode Island,PT NTT,AFSCME Local 145,AFSCME,,2008,
230852,Champlain College,PT NTT,SEIU Local 200United,SEIU,2014,2016,
230861,Community College of Vermont,PT NTT,AFT Local 3180,AFT,2017,2018,
230889,Goddard College,FT-PT NTT,UAW Local 2322,UAW,1998,2001,
231059,Saint Michael's College,PT NTT,SEIU Local 200United,SEIU,2014,2015,
231174,University of Vermont,FT-PT TTT-NTT,AFT Local 3203,AFT/AAUP,2001,2003,
231174,University of Vermont,PT NTT,AFT Local 3203,AFT/AAUP,2003,2006,
231156,Vermont State Colleges-Office of the Chancellor,FT TTT-NTT,AFT Local 3180,AFT,1973,1975,
231156,Vermont State Colleges-Office of the Chancellor,PT NTT,AFT Local 3180,AFT,1991,1993,
245883,Antioch University-Seattle Branch,FT-PT TTT-NTT,SEIU Local 925,SEIU,2014,2016,
245838,Antioch University-Los Angeles Branch,FT-PT TTT-NTT,SEIU Local 925,SEIU,2014,2016,
245847,Antioch University-Santa Barbara Branch,FT-PT TTT-NTT,SEIU Local 925,SEIU,2014,2016,
245892,Antioch University McGregor,FT-PT TTT-NTT,SEIU Local 925,SEIU,2014,2016,
235671,Bates Technical College,FT-PT TTT-NTT,AFT Local 4184,AFT,1981,1985,
234669,Bellevue Community College,FT-PT TTT-NTT,,NEA,1972,1972,
234696,Bellingham Technical College,FT-PT TTT-NTT,,NEA,1980,1981,
234711,Big Bend Community College,FT-PT TTT-NTT,,,1980,1972,
439190,Cascadia Community College,FT-PT TTT-NTT,AFT Local 6191,AFT,2002,2006,
234827,Central Washington University,FT-PT TTT-NTT,,AFT/NEA,2004,2005,
234845,Centralia College,FT-PT TTT-NTT,AFT Local 4469,AFT,1986,1968,
234933,Clark College,FT-PT TTT-NTT,,NEA,1974,1964,
234951,Clover Park Technical College,FT-PT TTT-NTT,AFT Local 3913,AFT,1978,1991,
234979,Columbia Basin College,FT-PT TTT-NTT,,NEA,1972,1973,
236692,Spokane Community College,FT-PT TTT-NTT,,NEA,1970,1977,
235024,Cornish College of the Arts,FT-PT TTT-NTT,AFT Local 4169,AFT,1981,1982,
235097,Eastern Washington University,FT-PT TTT-NTT,,AFT/NEA,2004,1995,
235103,Edmonds Community College,FT-PT TTT-NTT,AFT Local 4354,AFT,1975,1976,
235149,Everett Community College,FT-PT TTT-NTT,AFT Local 1873,AFT,1975,1976,
235334,Grays Harbor College,FT-PT TTT-NTT,AFT Local 4984,AFT,1996,1997,
235343,Green River Community College,FT-PT TTT-NTT,AFT Local 2195,AFT,1972,1973,
235431,Highline Community College,FT-PT TTT-NTT,,NEA,1965,1969,
235699,Lake Washington Technical College,FT-PT TTT-NTT,AFT Local 3533,AFT,1978,1978,
235750,Lower Columbia College,FT-PT TTT-NTT,,NEA,1981,1972,
236188,Olympic College,FT-PT TTT-NTT,,NEA,1964,,
236258,Peninsula College,FT-PT TTT-NTT,AFT Local 3439,AFT,1995,1980,
439145,Pierce College at Puyallup,FT-PT TTT-NTT,AFT Local 4821,AFT,1993,1969,
235237,Pierce College at Fort Steilacoom,FT-PT TTT-NTT,AFT Local 4821,AFT,1993,1969,
236382,Renton Technical College,FT-PT TTT-NTT,AFT Local 3914,AFT,1979,1980,
236504,Seattle Community College-South Campus,FT-PT TTT-NTT,AFT Local 1789,AFT,1968,1968,
236513,Seattle Community College-Central Campus,FT-PT TTT-NTT,AFT Local 1789,AFT,1968,1968,
236610,Shoreline Community College,FT-PT TTT-NTT,AFT Local 1950,AFT,1974,1975,
236638,Skagit Valley College,FT-PT TTT-NTT,AFT Local 4985,AFT,1965,1969,
236656,South Puget Sound Community College,FT-PT TTT-NTT,AFT Local 4603,AFT,1986,1989,
236753,Tacoma Community College,FT-PT TTT-NTT,AFT Local 2197,AFT,1972,1973,
235167,The Evergreen State College,FT-PT TTT-NTT,,AFT/NEA,2006,,
236948,University of Washington-Seattle Campus,FT-PT NTT,AFT Local 6486,AFT,2011,,
377555,University of Washington-Bothell Campus,FT-PT NTT,AFT Local 6486,AFT,2011,,
377564,University of Washington-Tacoma Campus,FT-PT NTT,AFT Local 6486,AFT,2011,,
236887,Walla Walla Community College,FT-PT TTT-NTT,,NEA,1968,1970,
236975,Wenatchee Valley College,FT-PT TTT-NTT,,NEA,1965,1975,
237011,Western Washington University,FT-PT TTT-NTT,AFT Local 2084,AFT/NEA,2006,,
237039,Whatcom Community College,FT-PT TTT-NTT,AFT Local 3591,AFT,1975,1976,
237109,Yakima Valley Community College,FT-PT TTT-NTT,AFT Local 1485,AFT,1978,1973,
238397,Blackhawk Technical College,FT NTT,AFT Local 2308,AFT,1972,1974,
238722,Fox Valley Technical College,FT NTT,,NEA/WEAC,1968,1969,
238759,Gateway Technical College,FT NTT,,NEA/WEAC,1982,1973,
239008,Lakeshore Technical College,FT NTT,,NEA/WEAC,1968,1968,
238263,Madison Area Technical College,FT NTT,AFT Local 243,AFT ,1969,1969,
239248,Milwaukee Area Technical College,FT NTT,AFT Local 212,AFT,1963,1967,
239248,Milwaukee Area Technical College,PT NTT,AFT Local 212,AFT,1963,1967,
240198,Northwood Technical College,FT NTT,AFT Local 395,AFT,1972,1972,
240125,Waukesha County Technical College,FT-PT NTT,,NEA/WEAC,1967,1967,
240170,Western Technical College,FT NTT,AFT Local 3605,AFT,1976,1977,
